{"iPhone_17_Pro_and_iPhone_17_Pro_Max_PER_Sept2025.pdf": {"size": 3532536, "mtime": 1763500441.0908437}, "Wealthsimple _ Smart investing.pdf": {"size": 118725, "mtime": 1763504125.5062242}, "iPhone 16 Pro - Tech Specs - Apple Support (CA).pdf": {"size": 1064948, "mtime": 1763505305.7545102}}